{
  "results": [
    {
      "command": "python -m pyhmmer.hmmer --jobs 1 /home/althonos/Code/GECCO/build/lib.linux-x86_64-3.8/gecco/hmmer/Pfam.hmm tests/data/seqs/938293.PRJEB85.HG003687.faa",
      "mean": 39.02221612299,
      "stddev": 1.3461251773073293,
      "median": 39.23364637139,
      "user": 38.803539504999996,
      "system": 0.16691414999999998,
      "min": 36.08142512339,
      "max": 40.64451936539,
      "times": [
        36.08142512339,
        38.03039919939,
        40.40253833139,
        38.95725306139,
        39.15447569639,
        38.08133215939,
        39.73743749339,
        40.64451936539,
        39.31281704639,
        39.81996375339
      ]
    },
    {
      "command": "python -m pyhmmer.hmmer --jobs 2 /home/althonos/Code/GECCO/build/lib.linux-x86_64-3.8/gecco/hmmer/Pfam.hmm tests/data/seqs/938293.PRJEB85.HG003687.faa",
      "mean": 24.076991495090002,
      "stddev": 0.8428117388859397,
      "median": 24.25638686589,
      "user": 46.926472004999994,
      "system": 0.6569170500000001,
      "min": 22.289459110390002,
      "max": 25.16535449039,
      "times": [
        22.289459110390002,
        24.23032199039,
        25.06171486239,
        23.70948403839,
        24.29064383839,
        24.245750751390002,
        24.28773301439,
        24.26702298039,
        25.16535449039,
        23.22242987439
      ]
    },
    {
      "command": "python -m pyhmmer.hmmer --jobs 3 /home/althonos/Code/GECCO/build/lib.linux-x86_64-3.8/gecco/hmmer/Pfam.hmm tests/data/seqs/938293.PRJEB85.HG003687.faa",
      "mean": 20.13406337749,
      "stddev": 0.3641590979766851,
      "median": 20.25210338689,
      "user": 55.60781620499999,
      "system": 2.5592589500000003,
      "min": 19.56774365739,
      "max": 20.75380458039,
      "times": [
        20.075531829390002,
        19.56774365739,
        19.67664544839,
        20.28628945039,
        20.35613255839,
        20.26124294139,
        19.77325867239,
        20.34702080439,
        20.24296383239,
        20.75380458039
      ]
    },
    {
      "command": "python -m pyhmmer.hmmer --jobs 4 /home/althonos/Code/GECCO/build/lib.linux-x86_64-3.8/gecco/hmmer/Pfam.hmm tests/data/seqs/938293.PRJEB85.HG003687.faa",
      "mean": 20.70626373449,
      "stddev": 0.31669950394767654,
      "median": 20.735463558390002,
      "user": 67.312036205,
      "system": 8.003832849999998,
      "min": 19.96031488439,
      "max": 21.11880529039,
      "times": [
        19.96031488439,
        20.523941927390002,
        20.78397918539,
        20.69318355039,
        20.69919429639,
        20.77173282039,
        20.86742863539,
        21.02139202439,
        21.11880529039,
        20.62266473039
      ]
    },
    {
      "command": "python -m pyhmmer.hmmer --jobs 5 /home/althonos/Code/GECCO/build/lib.linux-x86_64-3.8/gecco/hmmer/Pfam.hmm tests/data/seqs/938293.PRJEB85.HG003687.faa",
      "mean": 25.574057348689998,
      "stddev": 0.2288490361289095,
      "median": 25.56427482889,
      "user": 88.233093605,
      "system": 18.407454250000004,
      "min": 25.29662287639,
      "max": 26.12027964039,
      "times": [
        25.68918589039,
        25.576580765390002,
        26.12027964039,
        25.29662287639,
        25.34407422839,
        25.45244543339,
        25.55196889239,
        25.47369589039,
        25.59944857939,
        25.63627129039
      ]
    },
    {
      "command": "python -m pyhmmer.hmmer --jobs 6 /home/althonos/Code/GECCO/build/lib.linux-x86_64-3.8/gecco/hmmer/Pfam.hmm tests/data/seqs/938293.PRJEB85.HG003687.faa",
      "mean": 33.24902352609,
      "stddev": 0.6153702380657635,
      "median": 32.99966599589,
      "user": 109.453360905,
      "system": 37.37991114999999,
      "min": 32.78041568739,
      "max": 34.83249363539,
      "times": [
        32.80981806839,
        33.10678670239,
        32.94498563639,
        32.97528755839,
        32.78041568739,
        33.02404443339,
        33.51564335439,
        32.95126029739,
        34.83249363539,
        33.54949988739
      ]
    },
    {
      "command": "python -m pyhmmer.hmmer --jobs 7 /home/althonos/Code/GECCO/build/lib.linux-x86_64-3.8/gecco/hmmer/Pfam.hmm tests/data/seqs/938293.PRJEB85.HG003687.faa",
      "mean": 41.58685148379,
      "stddev": 0.16296074745715913,
      "median": 41.57409761439,
      "user": 125.550126905,
      "system": 60.07045375,
      "min": 41.32832936339,
      "max": 41.85401998439,
      "times": [
        41.32832936339,
        41.58920469239,
        41.67357853039,
        41.53938855439,
        41.55899053639,
        41.68851983939,
        41.76429781339,
        41.39764127739,
        41.47454424639,
        41.85401998439
      ]
    },
    {
      "command": "python -m pyhmmer.hmmer --jobs 8 /home/althonos/Code/GECCO/build/lib.linux-x86_64-3.8/gecco/hmmer/Pfam.hmm tests/data/seqs/938293.PRJEB85.HG003687.faa",
      "mean": 46.92318707279,
      "stddev": 0.2661748262509375,
      "median": 46.89438180139,
      "user": 134.396947005,
      "system": 74.27978025,
      "min": 46.54946751039,
      "max": 47.33368110039,
      "times": [
        46.54946751039,
        46.56833588539,
        46.80392509739,
        46.91477404839,
        47.05360848239,
        46.87398955439,
        47.02123076939,
        46.80672279339,
        47.30613548639,
        47.33368110039
      ]
    },
    {
      "command": "hmmsearch --cpu 1 /home/althonos/Code/GECCO/build/lib.linux-x86_64-3.8/gecco/hmmer/Pfam.hmm tests/data/seqs/938293.PRJEB85.HG003687.faa",
      "mean": 44.36000433229,
      "stddev": 0.24349136869786633,
      "median": 44.32477968139,
      "user": 48.838791705,
      "system": 0.81992475,
      "min": 44.18423779839,
      "max": 45.01825389939,
      "times": [
        45.01825389939,
        44.37429116139,
        44.19618229739,
        44.37085243539,
        44.20927951239,
        44.32858728839,
        44.22977309139,
        44.32097207439,
        44.18423779839,
        44.36761376439
      ]
    },
    {
      "command": "hmmsearch --cpu 2 /home/althonos/Code/GECCO/build/lib.linux-x86_64-3.8/gecco/hmmer/Pfam.hmm tests/data/seqs/938293.PRJEB85.HG003687.faa",
      "mean": 35.04615393569001,
      "stddev": 0.16116595028101532,
      "median": 35.10971796589,
      "user": 54.361396004999996,
      "system": 1.1618132499999998,
      "min": 34.73486481739,
      "max": 35.18310938439,
      "times": [
        34.73486481739,
        34.79186757439,
        34.98465181239,
        35.18310938439,
        35.09554594239,
        35.17899732239,
        35.12959380039,
        35.06559126839,
        35.12388998939,
        35.17342744539
      ]
    },
    {
      "command": "hmmsearch --cpu 3 /home/althonos/Code/GECCO/build/lib.linux-x86_64-3.8/gecco/hmmer/Pfam.hmm tests/data/seqs/938293.PRJEB85.HG003687.faa",
      "mean": 35.55920558948999,
      "stddev": 0.09994645001393802,
      "median": 35.56522825239,
      "user": 56.231096005,
      "system": 1.43444905,
      "min": 35.38016944739,
      "max": 35.77743940939,
      "times": [
        35.38016944739,
        35.54284378239,
        35.573058918390004,
        35.47302691439,
        35.57247492839,
        35.54048630539,
        35.59806128439,
        35.55798157639,
        35.57651332839,
        35.77743940939
      ]
    },
    {
      "command": "hmmsearch --cpu 4 /home/althonos/Code/GECCO/build/lib.linux-x86_64-3.8/gecco/hmmer/Pfam.hmm tests/data/seqs/938293.PRJEB85.HG003687.faa",
      "mean": 37.72116533909001,
      "stddev": 0.07855984874986552,
      "median": 37.731865788890005,
      "user": 61.140321804999985,
      "system": 1.8129214499999997,
      "min": 37.60506715439,
      "max": 37.84779051639,